CHROM	POS	ID	Corresponding row in vcf file
1	2069172	rs425277	7009
1	9292282	rs9434723	59597
1	11284336	rs10779751	71914
1	17306675	rs2284746	105108
1	19763396	rs12137162	123774
1	21583311	rs212524	136939
1	22498824	rs1014987	144149
1	23504795	rs2806561	151551
1	25044111	rs4601530	161094
1	25753638	rs926438	165019
1	26450009	rs17163588	168800
1	26803430	rs2219320	171368
1	27503662	rs12119525	174515
1	32371442	rs16834765	204600
1	37962756	rs7544462	237639
1	40777842	rs209918	254572
1	41556253	rs6600365	260420
1	46024454	rs3014219	291706
1	47915233	rs564914	305413
1	51440093	rs12855	328907
1	54119578	rs17387330	348187
1	54954245	rs6691924	353766
1	67510474	rs2815379	445682
1	78623626	rs17391694	524820
1	86330770	rs2046158	584579
1	89139041	rs7551732	604085
1	93343282	rs2811594	634158
1	95787223	rs17113369	649935
1	103519589	rs7517682	709206
1	113202571	rs12120956	780920
1	118492052	rs1321666	818591
1	118855587	rs9428104	821095
1	119491784	rs1409156	826603
1	120264823	rs12144094	833024
1	146692373	rs6658763	839025
1	149876124	rs7534365	845437
1	149938898	rs3767627	845710
1	151259043	rs2298265	853941
1	160399586	rs6688100	917796
1	170649277	rs4656220	994007
1	172083881	rs6694089	1005536
1	172141403	rs12125882	1006052
1	172355841	rs17369123	1007673
1	176794066	rs1325596	1039078
1	183054827	rs4652773	1085760
1	184007119	rs3814333	1092585
1	203800735	rs2275325	1243329
1	212237798	rs10863936	1302392
1	214627419	rs6540834	1319806
1	215046892	rs1244981	1323664
1	218516310	rs10495098	1350463
1	218615451	rs991967	1351160
1	219739966	rs4428898	1359837
1	221317258	rs1935157	1371813
1	224632782	rs1544196	1395827
1	227750068	rs6696239	1421667
1	243618317	rs11799609	1540626
